{
  "generatedAt": "2026-06-16T12:01:17.173Z",
  "totalWars": 18,
  "liveWar": {
    "opponentName": "Libertarian War",
    "totalAttacksDone": 45,
    "totalAttacksExpected": 50
  },
  "ranking": [
    {
      "player": {
        "tag": "#QGQJGURCL",
        "name": "SAFONOV",
        "townhallLevel": 18
      },
      "data": {
        "score": 2.5037315992022675,
        "rawScore": 2.5037315992022675,
        "confidence": 1,
        "tier": "S",
        "attackScore": 3.289299616330335,
        "defenseScore": 0.3289030413741061,
        "reliability": 1,
        "formScore": 3.5,
        "warsInRoster": 24,
        "attacksUsed": 45,
        "attacksAvailable": 47,
        "avgDestruction": 98.73333333333333,
        "totalAttacks": 45,
        "totalStars": 128,
        "count3Stars": 39,
        "avgStars": 2.8444444444444446,
        "threeStarRate": 0.8666666666666667,
        "totalMissed": 0,
        "avgPositionDiff": -0.7209302325581395,
        "hasAnyDefense": true,
        "hadTh17": false,
        "weights": {
          "attack": 0.42,
          "defense": 0.25,
          "reliability": 0.23,
          "form": 0.1
        }
      }
    },
    {
      "player": {
        "tag": "#PLU2VCLG",
        "name": "Phoenix",
        "townhallLevel": 18
      },
      "data": {
        "score": 2.3718827308244514,
        "rawScore": 2.3718827308244514,
        "confidence": 1,
        "tier": "A",
        "attackScore": 3.18989264528003,
        "defenseScore": 0.23220824892432493,
        "reliability": 0.9414141414141414,
        "formScore": 3.245,
        "warsInRoster": 23,
        "attacksUsed": 43,
        "attacksAvailable": 45,
        "avgDestruction": 96.83720930232558,
        "totalAttacks": 43,
        "totalStars": 118,
        "count3Stars": 34,
        "avgStars": 2.744186046511628,
        "threeStarRate": 0.7906976744186046,
        "totalMissed": 2,
        "avgPositionDiff": -0.1951219512195122,
        "hasAnyDefense": true,
        "hadTh17": false,
        "weights": {
          "attack": 0.42,
          "defense": 0.25,
          "reliability": 0.23,
          "form": 0.1
        }
      }
    },
    {
      "player": {
        "tag": "#80LUCC9YV",
        "name": "Lobo ®",
        "townhallLevel": 18
      },
      "data": {
        "score": 2.3591105191782775,
        "rawScore": 2.3591105191782775,
        "confidence": 1,
        "tier": "B",
        "attackScore": 3.1042047980276584,
        "defenseScore": 0.23371134935997856,
        "reliability": 0.9777777777777777,
        "formScore": 3.2225,
        "warsInRoster": 23,
        "attacksUsed": 46,
        "attacksAvailable": 46,
        "avgDestruction": 93.82608695652173,
        "totalAttacks": 46,
        "totalStars": 120,
        "count3Stars": 31,
        "avgStars": 2.608695652173913,
        "threeStarRate": 0.6739130434782609,
        "totalMissed": 0,
        "avgPositionDiff": 3.772727272727273,
        "hasAnyDefense": true,
        "hadTh17": false,
        "weights": {
          "attack": 0.42,
          "defense": 0.25,
          "reliability": 0.23,
          "form": 0.1
        }
      }
    },
    {
      "player": {
        "tag": "#29LP0VJV0",
        "name": "Warlord Raivon",
        "townhallLevel": 18
      },
      "data": {
        "score": 2.246442876741245,
        "rawScore": 2.246442876741245,
        "confidence": 1,
        "tier": "B",
        "attackScore": 2.9962599057566885,
        "defenseScore": 0.2730548652937438,
        "reliability": 0.8666666666666667,
        "formScore": 3.2175000000000002,
        "warsInRoster": 15,
        "attacksUsed": 29,
        "attacksAvailable": 29,
        "avgDestruction": 94.75862068965517,
        "totalAttacks": 29,
        "totalStars": 70,
        "count3Stars": 17,
        "avgStars": 2.413793103448276,
        "threeStarRate": 0.5862068965517241,
        "totalMissed": 0,
        "avgPositionDiff": -3.8518518518518516,
        "hasAnyDefense": true,
        "hadTh17": false,
        "weights": {
          "attack": 0.42,
          "defense": 0.25,
          "reliability": 0.23,
          "form": 0.1
        }
      }
    },
    {
      "player": {
        "tag": "#GQU9Y0CQ8",
        "name": "Scok♤",
        "townhallLevel": 18
      },
      "data": {
        "score": 2.200921817292074,
        "rawScore": 2.200921817292074,
        "confidence": 1,
        "tier": "B",
        "attackScore": 2.9823858167262443,
        "defenseScore": 0.07561243040153945,
        "reliability": 0.9777777777777777,
        "formScore": 2.5475,
        "warsInRoster": 21,
        "attacksUsed": 40,
        "attacksAvailable": 42,
        "avgDestruction": 91.8,
        "totalAttacks": 40,
        "totalStars": 93,
        "count3Stars": 22,
        "avgStars": 2.325,
        "threeStarRate": 0.55,
        "totalMissed": 0,
        "avgPositionDiff": -19.289473684210527,
        "hasAnyDefense": true,
        "hadTh17": false,
        "weights": {
          "attack": 0.42,
          "defense": 0.25,
          "reliability": 0.23,
          "form": 0.1
        }
      }
    },
    {
      "player": {
        "tag": "#YPVQVU982",
        "name": "亗 ＨＡＤＥＳ_０７ 亗",
        "townhallLevel": 18
      },
      "data": {
        "score": 2.174369489161151,
        "rawScore": 2.174369489161151,
        "confidence": 1,
        "tier": "A",
        "attackScore": 2.659028603445883,
        "defenseScore": 0.37893847428409255,
        "reliability": 0.9657142857142857,
        "formScore": 2.965,
        "warsInRoster": 24,
        "attacksUsed": 41,
        "attacksAvailable": 47,
        "avgDestruction": 97.6829268292683,
        "totalAttacks": 41,
        "totalStars": 112,
        "count3Stars": 32,
        "avgStars": 2.731707317073171,
        "threeStarRate": 0.7804878048780488,
        "totalMissed": 2,
        "avgPositionDiff": 2.230769230769231,
        "hasAnyDefense": true,
        "hadTh17": false,
        "weights": {
          "attack": 0.42,
          "defense": 0.25,
          "reliability": 0.23,
          "form": 0.1
        }
      }
    },
    {
      "player": {
        "tag": "#2QL0VR9GU",
        "name": "Marcola",
        "townhallLevel": 18
      },
      "data": {
        "score": 2.1258268345603915,
        "rawScore": 2.1258268345603915,
        "confidence": 1,
        "tier": "B",
        "attackScore": 2.6971411890113126,
        "defenseScore": 0.2591493563888358,
        "reliability": 0.9601307189542483,
        "formScore": 2.6574999999999998,
        "warsInRoster": 22,
        "attacksUsed": 42,
        "attacksAvailable": 44,
        "avgDestruction": 96.28571428571429,
        "totalAttacks": 42,
        "totalStars": 102,
        "count3Stars": 20,
        "avgStars": 2.4285714285714284,
        "threeStarRate": 0.47619047619047616,
        "totalMissed": 1,
        "avgPositionDiff": -2.35,
        "hasAnyDefense": true,
        "hadTh17": false,
        "weights": {
          "attack": 0.42,
          "defense": 0.25,
          "reliability": 0.23,
          "form": 0.1
        }
      }
    },
    {
      "player": {
        "tag": "#P9C0LVLU2",
        "name": "VINGADOR⚡",
        "townhallLevel": 18
      },
      "data": {
        "score": 2.004308467717232,
        "rawScore": 2.004308467717232,
        "confidence": 1,
        "tier": "A",
        "attackScore": 2.4914327883178067,
        "defenseScore": 0.32604345316168015,
        "reliability": 0.9368055555555554,
        "formScore": 2.3,
        "warsInRoster": 22,
        "attacksUsed": 40,
        "attacksAvailable": 44,
        "avgDestruction": 96.65,
        "totalAttacks": 40,
        "totalStars": 110,
        "count3Stars": 35,
        "avgStars": 2.75,
        "threeStarRate": 0.875,
        "totalMissed": 1,
        "avgPositionDiff": 2.1052631578947367,
        "hasAnyDefense": true,
        "hadTh17": false,
        "weights": {
          "attack": 0.42,
          "defense": 0.25,