{
  "generatedAt": "2026-06-16T13:30:34.169Z",
  "totalWars": 18,
  "liveWar": {
    "opponentName": "Libertarian War",
    "totalAttacksDone": 45,
    "totalAttacksExpected": 50
  },
  "ranking": [
    {
      "player": {
        "tag": "#LQQRGJ8VU",
        "name": "i-Vinni",
        "townhallLevel": 18
      },
      "data": {
        "score": 2.257236193763813,
        "rawScore": 2.257236193763813,
        "confidence": 1,
        "tier": "B",
        "attackScore": 3.155515645742704,
        "defenseScore": 0.20601182354084197,
        "reliability": 0.8444444444444444,
        "formScore": 2.9775,
        "warsInRoster": 13,
        "attacksUsed": 25,
        "attacksAvailable": 26,
        "avgDestruction": 90.6,
        "totalAttacks": 25,
        "totalStars": 60,
        "count3Stars": 16,
        "avgStars": 2.4,
        "threeStarRate": 0.64,
        "totalMissed": 0,
        "avgPositionDiff": -9.4,
        "hasAnyDefense": true,
        "hadTh17": false,
        "weights": {
          "attack": 0.42,
          "defense": 0.25,
          "reliability": 0.23,
          "form": 0.1
        }
      }
    },
    {
      "player": {
        "tag": "#YPVQVU982",
        "name": "亗 ＨＡＤＥＳ_０７ 亗",
        "townhallLevel": 18
      },
      "data": {
        "score": 2.174369489161151,
        "rawScore": 2.174369489161151,
        "confidence": 1,
        "tier": "A",
        "attackScore": 2.659028603445883,
        "defenseScore": 0.37893847428409255,
        "reliability": 0.9657142857142857,
        "formScore": 2.965,
        "warsInRoster": 24,
        "attacksUsed": 41,
        "attacksAvailable": 47,
        "avgDestruction": 97.6829268292683,
        "totalAttacks": 41,
        "totalStars": 112,
        "count3Stars": 32,
        "avgStars": 2.731707317073171,
        "threeStarRate": 0.7804878048780488,
        "totalMissed": 2,
        "avgPositionDiff": 2.230769230769231,
        "hasAnyDefense": true,
        "hadTh17": false,
        "weights": {
          "attack": 0.42,
          "defense": 0.25,
          "reliability": 0.23,
          "form": 0.1
        }
      }
    },
    {
      "player": {
        "tag": "#20JC0J9JR",
        "name": "BTV✯Robin Hood",
        "townhallLevel": 18
      },
      "data": {
        "score": 1.8450270362116483,
        "rawScore": 1.8450270362116483,
        "confidence": 1,
        "tier": "A",
        "attackScore": 2.828439543887661,
        "defenseScore": 0.6204700619925156,
        "reliability": 0.727485380116959,
        "formScore": 0,
        "warsInRoster": 14,
        "attacksUsed": 22,
        "attacksAvailable": 27,
        "avgDestruction": 97.86363636363636,
        "totalAttacks": 22,
        "totalStars": 63,
        "count3Stars": 19,
        "avgStars": 2.8636363636363638,
        "threeStarRate": 0.8636363636363636,
        "totalMissed": 3,
        "avgPositionDiff": 0.045454545454545456,
        "hasAnyDefense": true,
        "hadTh17": false,
        "weights": {
          "attack": 0.42,
          "defense": 0.25,
          "reliability": 0.23,
          "form": 0.1
        }
      }
    },
    {
      "player": {
        "tag": "#PPPUQPVJY",
        "name": "Rodrigo",
        "townhallLevel": 18
      },
      "data": {
        "score": 1.8222592505753221,
        "rawScore": 1.8222592505753221,
        "confidence": 1,
        "tier": "B",
        "attackScore": 3.052371636896659,
        "defenseScore": 0.04505265231490208,
        "reliability": 0.7666666666666666,
        "formScore": 0,
        "warsInRoster": 11,
        "attacksUsed": 21,
        "attacksAvailable": 22,
        "avgDestruction": 96.71428571428571,
        "totalAttacks": 21,
        "totalStars": 54,
        "count3Stars": 14,
        "avgStars": 2.5714285714285716,
        "threeStarRate": 0.6666666666666666,
        "totalMissed": 1,
        "avgPositionDiff": -5.368421052631579,
        "hasAnyDefense": true,
        "hadTh17": false,
        "weights": {
          "attack": 0.42,
          "defense": 0.25,
          "reliability": 0.23,
          "form": 0.1
        }
      }
    },
    {
      "player": {
        "tag": "#JPVGQP8V",
        "name": "♤Pluto♤",
        "townhallLevel": 18
      },
      "data": {
        "score": 0,
        "rawScore": 0,
        "confidence": 0,
        "tier": "F",
        "attackScore": 0,
        "defenseScore": 0,
        "reliability": 0,
        "formScore": 0,
        "warsInRoster": 0,
        "attacksUsed": 0,
        "attacksAvailable": 0,
        "avgDestruction": 0,
        "totalAttacks": 0,
        "totalStars": 0,
        "count3Stars": 0,
        "avgStars": 0,
        "threeStarRate": 0,
        "totalMissed": 0,
        "avgPositionDiff": 0,
        "hasAnyDefense": false,
        "hadTh17": false,
        "weights": {
          "attack": 0.56,
          "defense": 0,
          "reliability": 0.3067,
          "form": 0.1333
        }
      }
    },
    {
      "player": {
        "tag": "#2Q988RUYG",
        "name": "JAN SPFC",
        "townhallLevel": 18
      },
      "data": {
        "score": 0,
        "rawScore": 0,
        "confidence": 0,
        "tier": "F",
        "attackScore": 0,
        "defenseScore": 0,
        "reliability": 0,
        "formScore": 0,
        "warsInRoster": 0,
        "attacksUsed": 0,
        "attacksAvailable": 0,
        "avgDestruction": 0,
        "totalAttacks": 0,
        "totalStars": 0,
        "count3Stars": 0,
        "avgStars": 0,
        "threeStarRate": 0,
        "totalMissed": 0,
        "avgPositionDiff": 0,
        "hasAnyDefense": false,
        "hadTh17": false,
        "weights": {
          "attack": 0.56,
          "defense": 0,
          "reliability": 0.3067,
          "form": 0.1333
        }
      }
    }
  ],
  "noDataList": [
    {
      "player": {
        "tag": "#JPVGQP8V",
        "name": "♤Pluto♤",
        "townhallLevel": 18
      }
    },
    {
      "player": {
        "tag": "#2Q988RUYG",
        "name": "JAN SPFC",
        "townhallLevel": 18
      }
    }
  ],
  "statsByTag": {
    "#JPVGQP8V": {
      "tier": "F",
      "score": 0,
      "avgStars": 0,
      "totalStars": 0,
      "totalAttacks": 0,
      "warsInRoster": 0,
      "totalMissed": 0,
      "normalizedScore": 0
    },
    "#2Q988RUYG": {
      "tier": "F",
      "score": 0,
      "avgStars": 0,
      "totalStars": 0,
      "totalAttacks": 0,
      "warsInRoster": 0,
      "totalMissed": 0,
      "normalizedScore": 0
    },
    "#20JC0J9JR": {
      "tier": "S",
      "score": 1.8450270362116483,
      "avgStars": 2.8636363636363638,
      "totalStars": 63,
      "totalAttacks": 22,
      "warsInRoster": 14,
      "totalMissed": 3,
      "rank": 4,
      "normalizedScore": 52.72
    },
    "#YPVQVU982": {
      "tier": "S",
      "score": 2.174369489161151,
      "avgStars": 2.731707317073171,
      "totalStars": 112,
      "totalAttacks": 41,
      "warsInRoster": 24,
      "totalMissed": 2,
      "rank": 3,
      "normalizedScore": 62.12
    },
    "#PPPUQPVJY": {
      "tier": "S",
      "score": 1.8222592505753221,
      "avgStars": 2.5714285714285716,
      "totalStars": 54,
      "totalAttacks": 21,
      "warsInRoster": 11,
      "totalMissed": 1,
      "rank": 5,
      "normalizedScore": 52.06
    },
    "#LQQRGJ8VU": {
      "tier": "S",
      "score": 2.257236193763813,
      "avgStars": 2.4,
      "totalStars": 60,
      "totalAttacks": 25,
      "warsInRoster": 13,
      "totalMissed": 0,
      "rank": 1,
      "normalizedScore": 64.49
    },
    "#VPPQ8VLV": {
      "tier": "A",
      "score": 2.2042192954497026,
      "avgStars": 2.72972972972973,
      "totalStars": 101,
      "totalAttacks": 37,
      "warsInRoster": 21,
      "totalMissed": 2,
      "rank": 2,
      "normalizedScore": 62.98
    },
    "#LR2U2PRP2": {
      "tier": "A",
      "score": 0.5467626095238095,
      "avgStars": 1.6666666666666667,
      "totalStars": 5,
      "totalAttacks": 3,
      "warsInRoster": 3,